{
  "v1_kaggle_8c": [
    {
      "fold": 1,
      "val_loss": 0.17052784375846386,
      "dice_per_class": [
        0.9961378387313538,
        0.9488727872176468,
        0.9650582796684923,
        0.924365375212472,
        0.9120115760553025,
        0.974368995573638,
        0.9473069141142404,
        0.936167532671971,
        0.0
      ],
      "iou_per_class": [
        0.9923053952670844,
        0.9027192671626899,
        0.9324759652740343,
        0.8593674412396901,
        0.8382548527020542,
        0.9500190530205403,
        0.8998889864629016,
        0.8799952637498392,
        0.0
      ],
      "hd_per_class": [
        0.0,
        0.0,
        0.0,
        0.0,
        0.0,
        0.0,
        0.0,
        0.0,
        0.0
      ],
      "dice_mean": 0.8449210332494574,
      "iou_mean": 0.8061140249865372,
      "f1_mean": 0.8449210332494574,
      "hd_mean": 0.0
    },
    {
      "fold": 2,
      "val_loss": 0.16940447315573692,
      "dice_per_class": [
        0.9961623435559348,
        0.9481224896417136,
        0.9653936678458082,
        0.9307530359430901,
        0.9021539551313296,
        0.9729464850299994,
        0.9450419084461231,
        0.9352751703066384,
        0.0
      ],
      "iou_per_class": [
        0.9923540297189896,
        0.9013620695424582,
        0.9331024157137396,
        0.8704752664544871,
        0.8217490597593305,
        0.9473181979796041,
        0.8958099056372418,
        0.8784196106105611,
        0.0
      ],
      "hd_per_class": [
        0.0,
        0.0,
        0.0,
        0.0,
        0.0,
        0.0,
        0.0,
        0.0,
        0.0
      ],
      "dice_mean": 0.843983228433404,
      "iou_mean": 0.8045100617129347,
      "f1_mean": 0.843983228433404,
      "hd_mean": 0.0
    },
    {
      "fold": 3,
      "val_loss": 0.17396460846066475,
      "dice_per_class": [
        0.9962276310475675,
        0.9487526932697109,
        0.9557049064422529,
        0.9207992092628875,
        0.9077707040564378,
        0.9743797733580541,
        0.950056917767335,
        0.9396924776723549,
        0.0
      ],
      "iou_per_class": [
        0.9924836166662576,
        0.9025019014989262,
        0.9151674774093964,
        0.8532232529536659,
        0.8311173371999941,
        0.9500395448989324,
        0.9048651625448824,
        0.8862452240360331,
        0.0
      ],
      "hd_per_class": [
        0.0,
        0.0,
        0.0,
        0.0,
        0.0,
        0.0,
        0.0,
        0.0,
        0.0
      ],
      "dice_mean": 0.8437093680974002,
      "iou_mean": 0.8039603908008986,
      "f1_mean": 0.8437093680974002,
      "hd_mean": 0.0
    },
    {
      "fold": 4,
      "val_loss": 0.17136478424072266,
      "dice_per_class": [
        0.9957413479951978,
        0.9360294589907392,
        0.9602169386629599,
        0.933862746150098,
        0.9036714793291656,
        0.9753255804665766,
        0.9413803139722708,
        0.9295317346406204,
        0.0
      ],
      "iou_per_class": [
        0.9915188144084182,
        0.8797512928345185,
        0.9234781507483231,
        0.875931070580124,
        0.8242707019755507,
        0.9518394934760668,
        0.8892526054419252,
        0.8683412341313607,
        0.0
      ],
      "hd_per_class": [
        0.0,
        0.0,
        0.0,
        0.0,
        0.0,
        0.0,
        0.0,
        0.0,
        0.0
      ],
      "dice_mean": 0.8417510666897364,
      "iou_mean": 0.8004870403995875,
      "f1_mean": 0.8417510666897364,
      "hd_mean": 0.0
    },
    {
      "fold": 5,
      "val_loss": 0.1869897898286581,
      "dice_per_class": [
        0.995536002675739,
        0.9380622508680806,
        0.9583565748811941,
        0.9191717740599331,
        0.8779684703224336,
        0.9684165803659023,
        0.9422785726583226,
        0.9315302506206665,
        0.0
      ],
      "iou_per_class": [
        0.991111682775784,
        0.8833495669919439,
        0.9200428397768532,
        0.8504327995879912,
        0.7824811042295148,
        0.938767104951531,
        0.8908570331476673,
        0.8718358672875727,
        0.0
      ],
      "hd_per_class": [
        0.0,
        0.0,
        0.0,
        0.0,
        0.0,
        0.0,
        0.0,
        0.0,
        0.0
      ],
      "dice_mean": 0.8368133862724747,
      "iou_mean": 0.7920975554165399,
      "f1_mean": 0.8368133862724747,
      "hd_mean": 0.0
    }
  ]
}